trait	sumstats	ldsc_log	mixer_list	ldsc_status	mixer_status	ldsc_total_h2	ldsc_total_h2_se	ldsc_lambda_gc	ldsc_mean_chi2	ldsc_intercept	ldsc_intercept_se	ldsc_ratio	ldsc_ratio_se	ldsc_h2_outside_region	ldsc_h2_within_region	ldsc_h2_se_outside_region	ldsc_h2_se_within_region	ldsc_prop_snps_outside_region	ldsc_prop_snps_within_region	ldsc_prop_h2_outside_region	ldsc_prop_h2_within_region	ldsc_enrichment_outside_region	ldsc_enrichment_within_region	ldsc_coef_outside_region	ldsc_coef_within_region	ldsc_coef_se_outside_region	ldsc_coef_se_within_region	mixer_enrichment_outside_region	mixer_enrichment_outside_region_se	mixer_enrichment_within_region	mixer_enrichment_within_region_se	mixer_total_h2	mixer_total_h2_se	mixer_h2_outside_region	mixer_h2_within_region
FIXED.Schizophrenia.Trubetskoy2022	/cluster/projects/nn9114k/datngu/database/alkes_group_data/sumstats_107/FIXED.Schizophrenia.Trubetskoy2022.sumstats.gz	results/sldsc_sumstats_107/FIXED.Schizophrenia.Trubetskoy2022.sldsc_sv.log	/cluster/projects/nn9114k/datngu/projects/mixer_sv/saga_results_107/univar_FIXED.Schizophrenia.Trubetskoy2022_list.txt	ok	ok	0.3748	0.0131	1.6236	1.8605	1.1637	0.0071	0.1903	0.0082	0.3546	0.0202	0.0122	0.0082	0.9947	0.0053	0.946	0.054	0.951	10.2454	5.8423e-08	6.294e-07	2.0033e-09	2.5507e-07	0.9470464585996718	0.010782611445688615	11.130568791493985	2.0628268499870903	0.4557417086915453	0.00839660797453913	0.42936423951741576	0.026377469174127848
GBMI.Abdominal_Aortic_Aneurysm	/cluster/projects/nn9114k/datngu/database/alkes_group_data/sumstats_107/GBMI.Abdominal_Aortic_Aneurysm.sumstats.gz	results/sldsc_sumstats_107/GBMI.Abdominal_Aortic_Aneurysm.sldsc_sv.log	/cluster/projects/nn9114k/datngu/projects/mixer_sv/saga_results_107/univar_GBMI.Abdominal_Aortic_Aneurysm_list.txt	ok	ok	0.0043	0.0006	1.1038	1.1239	1.0377	0.0066	0.3041	0.0532	0.0045	-0.0002	0.0006	0.0004	0.9947	0.0053	1.0509	-0.0509	1.0565	-9.6524	7.4958e-10	-6.8486e-09	9.7912e-11	1.1757e-08	1.0052271044686851	2.220446049250313e-16	0.0	0.0	0.004088102221080122	0.00036808838153605164	0.004088102221080122	0.0
GBMI.Acute_Appendicitis	/cluster/projects/nn9114k/datngu/database/alkes_group_data/sumstats_107/GBMI.Acute_Appendicitis.sumstats.gz	results/sldsc_sumstats_107/GBMI.Acute_Appendicitis.sldsc_sv.log	/cluster/projects/nn9114k/datngu/projects/mixer_sv/saga_results_107/univar_GBMI.Acute_Appendicitis_list.txt	ok	ok	0.0042	0.0007	1.0775	1.1055	1.0399	0.0077	0.3779	0.0725	0.0037	0.0005	0.0007	0.0005	0.9947	0.0053	0.8712	0.1288	0.8758	24.4334	6.0563e-10	1.6896e-08	1.1209e-10	1.5699e-08	0.9007833689033594	0.07839878361260297	19.98118388317257	14.998510950431559	0.004034682366280508	0.000515617501875512	0.0036154763020184405	0.0004192060642620712
GBMI.Asthma	/cluster/projects/nn9114k/datngu/database/alkes_group_data/sumstats_107/GBMI.Asthma.sumstats.gz	results/sldsc_sumstats_107/GBMI.Asthma.sldsc_sv.log	/cluster/projects/nn9114k/datngu/projects/mixer_sv/saga_results_107/univar_GBMI.Asthma_list.txt	ok	ok	0.0305	0.0023	1.4948	1.7712	1.1801	0.0156	0.2335	0.0202	0.0291	0.0014	0.0022	0.0008	0.9947	0.0053	0.9552	0.0448	0.9603	8.4991	4.7973e-09	4.246e-08	3.6392e-10	2.5879e-08	0.9595495164733521	0.014799844768464224	8.738602465090997	2.831365789058158	0.029266802495451303	0.0007653266767403113	0.027936916999541966	0.0013298854959093672
GBMI.Primary_Apen_Angle_Glaucoma	/cluster/projects/nn9114k/datngu/database/alkes_group_data/sumstats_107/GBMI.Primary_Apen_Angle_Glaucoma.sumstats.gz	results/sldsc_sumstats_107/GBMI.Primary_Apen_Angle_Glaucoma.sldsc_sv.log	/cluster/projects/nn9114k/datngu/projects/mixer_sv/saga_results_107/univar_GBMI.Primary_Apen_Angle_Glaucoma_list.txt	ok	ok	0.0079	0.0009	1.1088	1.1878	1.0544	0.0102	0.2895	0.0544	0.0076	0.0003	0.0008	0.0005	0.9947	0.0053	0.967	0.033	0.9721	6.2618	1.2548e-09	8.0826e-09	1.3591e-10	1.6616e-08	0.9674388692652663	0.03854323246108489	7.229286391693445	7.373725298968559	0.007594989935946533	0.0005308050964889486	0.007309481054628796	0.00028550888131773685
PANUKBB.Atrial_Fibrillation_And_Flutter	/cluster/projects/nn9114k/datngu/database/alkes_group_data/sumstats_107/PANUKBB.Atrial_Fibrillation_And_Flutter.sumstats.gz	results/sldsc_sumstats_107/PANUKBB.Atrial_Fibrillation_And_Flutter.sldsc_sv.log	/cluster/projects/nn9114k/datngu/projects/mixer_sv/saga_results_107/univar_PANUKBB.Atrial_Fibrillation_And_Flutter_list.txt	ok	ok	0.0261	0.0028	1.1459	1.2334	1.0735	0.0127	0.3147	0.0545	0.0253	0.0008	0.0027	0.0019	0.9947	0.0053	0.9675	0.0325	0.9726	6.1634	4.1627e-09	2.6378e-08	4.5136e-10	5.9783e-08	1.0052271044686825	2.220446049250313e-16	0.0	0.0	0.02709836919189814	0.001364891019119472	0.02709836919189814	0.0
PANUKBB.Blood_Clot_DVT_Bronchitis_Emphysema_Asthma_Rhinitis_Eczema_Allergy_Diagnosed_By_Doctor	/cluster/projects/nn9114k/datngu/database/alkes_group_data/sumstats_107/PANUKBB.Blood_Clot_DVT_Bronchitis_Emphysema_Asthma_Rhinitis_Eczema_Allergy_Diagnosed_By_Doctor.sumstats.gz	results/sldsc_sumstats_107/PANUKBB.Blood_Clot_DVT_Bronchitis_Emphysema_Asthma_Rhinitis_Eczema_Allergy_Diagnosed_By_Doctor.sldsc_sv.log	/cluster/projects/nn9114k/datngu/projects/mixer_sv/saga_results_107/univar_PANUKBB.Blood_Clot_DVT_Bronchitis_Emphysema_Asthma_Rhinitis_Eczema_Allergy_Diagnosed_By_Doctor_list.txt	ok	ok	0.0764	0.0052	1.3719	1.629	1.1729	0.0142	0.2749	0.0226	0.0736	0.0029	0.0056	0.003	0.9947	0.0053	0.9622	0.0378	0.9673	7.1695	1.2118e-08	8.982e-08	9.1773e-10	9.3044e-08	0.9666702090476248	0.01808194235378625	7.3763391667515945	3.45926553833337	0.07053380423231384	0.002228089493535982	0.06782838124745323	0.0027054229848606187
PANUKBB.Breast_Cancer_female	/cluster/projects/nn9114k/datngu/database/alkes_group_data/sumstats_107/PANUKBB.Breast_Cancer_female.sumstats.gz	results/sldsc_sumstats_107/PANUKBB.Breast_Cancer_female.sldsc_sv.log	/cluster/projects/nn9114k/datngu/projects/mixer_sv/saga_results_107/univar_PANUKBB.Breast_Cancer_female_list.txt	ok	ok	0.0303	0.0042	1.0895	1.1342	1.0362	0.0084	0.2698	0.0625	0.0282	0.002	0.0038	0.0024	0.9947	0.0053	0.9324	0.0676	0.9374	12.8192	4.6493e-09	6.3583e-08	6.3084e-10	7.6077e-08	0.9522303148369855	0.05456914858639299	10.138842632514592	10.439651419504454	0.025424462558162313	0.0025408133132683234	0.024084054119408484	0.0013404084387538618
PANUKBB.C44_Other_Malignant_Neoplasms_Of_Skin	/cluster/projects/nn9114k/datngu/database/alkes_group_data/sumstats_107/PANUKBB.C44_Other_Malignant_Neoplasms_Of_Skin.sumstats.gz	results/sldsc_sumstats_107/PANUKBB.C44_Other_Malignant_Neoplasms_Of_Skin.sldsc_sv.log	/cluster/projects/nn9114k/datngu/projects/mixer_sv/saga_results_107/univar_PANUKBB.C44_Other_Malignant_Neoplasms_Of_Skin_list.txt	ok	ok	0.0236	0.0037	1.1144	1.186	1.0512	0.0126	0.2752	0.0678	0.0178	0.0058	0.0033	0.0029	0.9947	0.0053	0.7548	0.2452	0.7588	46.5022	2.9352e-09	1.7988e-07	5.4678e-10	9.1397e-08	0.7840896393325766	0.04764235449306743	42.305920316109074	9.114482937637511	0.01957861824454398	0.001474550193234075	0.015271565648947247	0.0043070525955968145
PANUKBB.Diverticulosis_And_Diverticulitis	/cluster/projects/nn9114k/datngu/database/alkes_group_data/sumstats_107/PANUKBB.Diverticulosis_And_Diverticulitis.sumstats.gz	results/sldsc_sumstats_107/PANUKBB.Diverticulosis_And_Diverticulitis.sldsc_sv.log	/cluster/projects/nn9114k/datngu/projects/mixer_sv/saga_results_107/univar_PANUKBB.Diverticulosis_And_Diverticulitis_list.txt	ok	ok	0.046	0.0032	1.2564	1.3381	1.0838	0.01	0.2478	0.0294	0.0433	0.0027	0.0032	0.0022	0.9947	0.0053	0.9406	0.0594	0.9456	11.2575	7.1346e-09	8.4935e-08	5.3467e-10	6.7257e-08	0.9353393493512462	0.02647588398763771	13.370261783773671	5.065114758325146	0.04463632562592003	0.001991689572515402	0.04153301436340155	0.0031033112625183713
PANUKBB.Inguinal_Hernia	/cluster/projects/nn9114k/datngu/database/alkes_group_data/sumstats_107/PANUKBB.Inguinal_Hernia.sumstats.gz	results/sldsc_sumstats_107/PANUKBB.Inguinal_Hernia.sldsc_sv.log	/cluster/projects/nn9114k/datngu/projects/mixer_sv/saga_results_107/univar_PANUKBB.Inguinal_Hernia_list.txt	ok	ok	0.0288	0.0034	1.1396	1.1983	1.0394	0.0074	0.1989	0.0374	0.0265	0.0023	0.0032	0.0015	0.9947	0.0053	0.9198	0.0802	0.9247	15.2158	4.368e-09	7.1878e-08	5.1972e-10	4.604e-08	0.889457026877318	0.038694140550158976	22.148032105530184	7.402595601825167	0.025954874117311188	0.0016895027504600277	0.022965701046790486	0.0029891730705207207
PANUKBB.Mouth_Teeth_Dental_Problems	/cluster/projects/nn9114k/datngu/database/alkes_group_data/sumstats_107/PANUKBB.Mouth_Teeth_Dental_Problems.sumstats.gz	results/sldsc_sumstats_107/PANUKBB.Mouth_Teeth_Dental_Problems.sldsc_sv.log	/cluster/projects/nn9114k/datngu/projects/mixer_sv/saga_results_107/univar_PANUKBB.Mouth_Teeth_Dental_Problems_list.txt	ok	ok	0.0275	0.0031	1.1973	1.2713	1.0852	0.0133	0.314	0.0489	0.029	-0.0015	0.0039	0.0021	0.9947	0.0053	1.0553	-0.0553	1.0609	-10.4922	4.7733e-09	-4.7207e-08	6.453e-10	6.3801e-08	1.0023348046842027	0.023084887770657668	0.5533273348184516	4.416381556741703	0.026975073746482846	0.0015125278912314338	0.026897459444564033	7.761430191874083e-05
PANUKBB.Varicose_Vein_Surgery	/cluster/projects/nn9114k/datngu/database/alkes_group_data/sumstats_107/PANUKBB.Varicose_Vein_Surgery.sumstats.gz	results/sldsc_sumstats_107/PANUKBB.Varicose_Vein_Surgery.sldsc_sv.log	/cluster/projects/nn9114k/datngu/projects/mixer_sv/saga_results_107/univar_PANUKBB.Varicose_Vein_Surgery_list.txt	ok	ok	0.04	0.0038	1.2798	1.3776	1.1349	0.011	0.3573	0.0291	0.0362	0.0038	0.0034	0.0024	0.9947	0.0053	0.9043	0.0957	0.9091	18.1419	5.9671e-09	1.1907e-07	5.6315e-10	7.344e-08	0.8988885576341059	0.029717590803049247	20.34368118556985	5.685287328977489	0.03619206757793216	0.0017904281307207202	0.03236346819370623	0.0038285993842257946
PASS.Acne_Vulgaris.TederLaving2023	/cluster/projects/nn9114k/datngu/database/alkes_group_data/sumstats_107/PASS.Acne_Vulgaris.TederLaving2023.sumstats.gz	results/sldsc_sumstats_107/PASS.Acne_Vulgaris.TederLaving2023.sldsc_sv.log	/cluster/projects/nn9114k/datngu/projects/mixer_sv/saga_results_107/univar_PASS.Acne_Vulgaris.TederLaving2023_list.txt	ok	ok	0.0227	0.0023	1.0499	1.1036	0.9678	0.0074			0.019	0.0036	0.0023	0.0015	0.9947	0.0053	0.8395	0.1605	0.844	30.4393	3.1355e-09	1.1309e-07	3.7138e-10	4.7235e-08	0.8667760789192351	0.04407831255376088	26.487135732397267	8.432644271381943	0.019970262554378476	0.001460914160914713	0.017219736510209742	0.002750526044168719
PASS.Age_First_Birth.Barban2016	/cluster/projects/nn9114k/datngu/database/alkes_group_data/sumstats_107/PASS.Age_First_Birth.Barban2016.sumstats.gz	results/sldsc_sumstats_107/PASS.Age_First_Birth.Barban2016.sldsc_sv.log	/cluster/projects/nn9114k/datngu/projects/mixer_sv/saga_results_107/univar_PASS.Age_First_Birth.Barban2016_list.txt	ok	ok	0.065	0.0043	1.1876	1.2229	1.0043	0.0075	0.0192	0.0339	0.0633	0.0016	0.0045	0.0026	0.9947	0.0053	0.975	0.025	0.9801	4.7485	1.0434e-08	5.0549e-08	7.3994e-10	7.9966e-08	0.9539065409864615	0.027456574249050496	9.818162959951227	5.252731108311876	0.06344066602792806	0.003013845128293154	0.06020178526778237	0.0032388807601461105
PASS.Aging_Parental_Lifespan.Timmers2020	/cluster/projects/nn9114k/datngu/database/alkes_group_data/sumstats_107/PASS.Aging_Parental_Lifespan.Timmers2020.sumstats.gz	results/sldsc_sumstats_107/PASS.Aging_Parental_Lifespan.Timmers2020.sldsc_sv.log	/cluster/projects/nn9114k/datngu/projects/mixer_sv/saga_results_107/univar_PASS.Aging_Parental_Lifespan.Timmers2020_list.txt	ok	ok	0.0252	0.0016	1.2922	1.3343	1.0995	0.0094	0.2976	0.028	0.0241	0.0011	0.0017	0.001	0.9947	0.0053	0.9577	0.0423	0.9628	8.0146	3.9724e-09	3.3067e-08	2.7252e-10	3.1977e-08	0.9760311289491521	0.026129630506983526	5.585496845230778	4.9988728297912175	0.023747977876658027	0.0011241430079547028	0.023058237839165007	0.00068974003749292
PASS.Alcohol_use.SanchezRoige2018	/cluster/projects/nn9114k/datngu/database/alkes_group_data/sumstats_107/PASS.Alcohol_use.SanchezRoige2018.sumstats.gz	results/sldsc_sumstats_107/PASS.Alcohol_use.SanchezRoige2018.sldsc_sv.log	/cluster/projects/nn9114k/datngu/projects/mixer_sv/saga_results_107/univar_PASS.Alcohol_use.SanchezRoige2018_list.txt	ok	ok	0.0902	0.0066	1.1934	1.2185	1.0451	0.0073	0.2065	0.0335	0.094	-0.0037	0.0069	0.0038	0.9947	0.0053	1.041	-0.041	1.0465	-7.7814	1.5479e-08	-1.1509e-07	1.1438e-09	1.1951e-07	1.0052271044686887	2.220446049250313e-16	0.0	0.0	0.0887305587623722	0.004352405086514696	0.0887305587623722	0.0
PASS.Alzheimers_Disease.Wightman2021	/cluster/projects/nn9114k/datngu/database/alkes_group_data/sumstats_107/PASS.Alzheimers_Disease.Wightman2021.sumstats.gz	results/sldsc_sumstats_107/PASS.Alzheimers_Disease.Wightman2021.sldsc_sv.log	/cluster/projects/nn9114k/datngu/projects/mixer_sv/saga_results_107/univar_PASS.Alzheimers_Disease.Wightman2021_list.txt	ok	ok	0.0077	0.0008	1.1466	1.1579	1.0251	0.011	0.1588	0.0699	0.007	0.0007	0.0008	0.0006	0.9947	0.0053	0.9093	0.0907	0.9141	17.2025	1.1571e-09	2.1775e-08	1.2682e-10	1.9421e-08	0.8959664709729599	0.05007290253844746	20.90270706283441	9.579472313675783	0.006651969595440793	0.0005358693859370644	0.0059289504798984	0.0007230191155423958
PASS.Anorexia_Nervosa.Watson2019	/cluster/projects/nn9114k/datngu/database/alkes_group_data/sumstats_107/PASS.Anorexia_Nervosa.Watson2019.sumstats.gz	results/sldsc_sumstats_107/PASS.Anorexia_Nervosa.Watson2019.sldsc_sv.log	/cluster/projects/nn9114k/datngu/projects/mixer_sv/saga_results_107/univar_PASS.Anorexia_Nervosa.Watson2019_list.txt	ok	ok	0.1943	0.0141	1.2388	1.2796	1.0643	0.0094	0.2301	0.0335	0.1919	0.0024	0.0134	0.0083	0.9947	0.0053	0.9876	0.0124	0.9929	2.3438	3.1619e-08	7.464e-08	2.2043e-09	2.5773e-07	0.9740712053728702	0.02768576835488314	5.960450816025929	5.296578348634878	0.1768644469605421	0.009616393308473423	0.17138272960667864	0.005481717353864038
PASS.Atrial_Fibrillation.Nielsen2018	/cluster/projects/nn9114k/datngu/database/alkes_group_data/sumstats_107/PASS.Atrial_Fibrillation.Nielsen2018.sumstats.gz	results/sldsc_sumstats_107/PASS.Atrial_Fibrillation.Nielsen2018.sldsc_sv.log	/cluster/projects/nn9114k/datngu/projects/mixer_sv/saga_results_107/univar_PASS.Atrial_Fibrillation.Nielsen2018_list.txt	ok	ok	0.0223	0.0018	1.2892	1.4524	1.1207	0.0165	0.2669	0.0365	0.0215	0.0009	0.0016	0.0009	0.9947	0.0053	0.961	0.039	0.9661	7.4049	3.5361e-09	2.7105e-08	2.6915e-10	2.7247e-08	0.9532686659270657	0.022357580657649225	9.94019516022823	4.277240065048714	0.020338348526664753	0.000796191890555519	0.01928709470823609	0.0010512538184286845
PASS.Attention_Deficit_Hyperactivity_Disorder_ADHD.Demontis2023	/cluster/projects/nn9114k/datngu/database/alkes_group_data/sumstats_107/PASS.Attention_Deficit_Hyperactivity_Disorder_ADHD.Demontis2023.sumstats.gz	results/sldsc_sumstats_107/PASS.Attention_Deficit_Hyperactivity_Disorder_ADHD.Demontis2023.sldsc_sv.log	/cluster/projects/nn9114k/datngu/projects/mixer_sv/saga_results_107/univar_PASS.Attention_Deficit_Hyperactivity_Disorder_ADHD.Demontis2023_list.txt	ok	ok	0.0992	0.0057	1.3567	1.4492	1.1124	0.0091	0.2502	0.0204	0.0983	0.0008	0.0054	0.0031	0.9947	0.0053	0.9915	0.0085	0.9968	1.6062	1.6202e-08	2.6108e-08	8.8424e-10	9.5837e-08	0.9881682426246322	0.01686263506429679	3.2635394884971536	3.225999244002641	0.09698928653544758	0.0037117183066167126	0.0953433631097799	0.0016459234256677021
PASS.Autism.PGC2013	/cluster/projects/nn9114k/datngu/database/alkes_group_data/sumstats_107/PASS.Autism.PGC2013.sumstats.gz	results/sldsc_sumstats_107/PASS.Autism.PGC2013.sldsc_sv.log	/cluster/projects/nn9114k/datngu/projects/mixer_sv/saga_results_107/univar_PASS.Autism.PGC2013_list.txt	ok	ok	0.3573	0.0581	1.0466	1.0558	0.9945	0.0065			0.3856	-0.0283	0.0598	0.0333	0.9947	0.0053	1.0792	-0.0792	1.0849	-15.0219	6.3536e-08	-8.7972e-07	9.8456e-09	1.036e-06	1.0052271044686831	4.440892098500626e-16	0.0	0.0	0.41583213172242756	0.0420279005744302	0.41583213172242756	0.0
PASS.BMI.Yengo2018	/cluster/projects/nn9114k/datngu/database/alkes_group_data/sumstats_107/PASS.BMI.Yengo2018.sumstats.gz	results/sldsc_sumstats_107/PASS.BMI.Yengo2018.sldsc_sv.log	/cluster/projects/nn9114k/datngu/projects/mixer_sv/saga_results_107/univar_PASS.BMI.Yengo2018_list.txt	ok	ok	0.2517	0.0082	2.7349	3.9496	1.4498	0.0281	0.1525	0.0095	0.2527	-0.001	0.0088	0.0041	0.9947	0.0053	1.0039	-0.0039	1.0092	-0.7371	4.1637e-08	-3.0409e-08	1.4445e-09	1.2719e-07	1.0052271044686802	2.220446049250313e-16	0.0	0.0	0.25900628700539624	0.0029775311261863945	0.25900628700539624	0.0
PASS.Basophil_Percentage.Vuckovic2020	/cluster/projects/nn9114k/datngu/database/alkes_group_data/sumstats_107/PASS.Basophil_Percentage.Vuckovic2020.sumstats.gz	results/sldsc_sumstats_107/PASS.Basophil_Percentage.Vuckovic2020.sldsc_sv.log	/cluster/projects/nn9114k/datngu/projects/mixer_sv/saga_results_107/univar_PASS.Basophil_Percentage.Vuckovic2020_list.txt	ok	ok	0.0609	0.007	1.2181	1.4738	1.1067	0.0185	0.2251	0.0391	0.0575	0.0034	0.0069	0.0032	0.9947	0.0053	0.9443	0.0557	0.9493	10.5666	9.4767e-09	1.0549e-07	1.1376e-09	9.8972e-08	0.93505864773392	0.021468955452932682	13.423962952175886	4.107236727629221	0.05862606931973193	0.002060243730398003	0.054533759442387954	0.0040923098773437685
PASS.Bipolar_Disorder_ALL.Mullins2021	/cluster/projects/nn9114k/datngu/database/alkes_group_data/sumstats_107/PASS.Bipolar_Disorder_ALL.Mullins2021.sumstats.gz	results/sldsc_sumstats_107/PASS.Bipolar_Disorder_ALL.Mullins2021.sldsc_sv.log	/cluster/projects/nn9114k/datngu/projects/mixer_sv/saga_results_107/univar_PASS.Bipolar_Disorder_ALL.Mullins2021_list.txt	ok	ok	0.0802	0.0035	1.448	1.5897	1.1232	0.0095	0.209	0.016	0.0742	0.006	0.0035	0.0023	0.9947	0.0053	0.9254	0.0746	0.9303	14.1553	1.2228e-08	1.8606e-07	5.7859e-10	7.1654e-08	0.9252098324244744	0.016987509731482477	15.30814479098411	3.2498890797489626	0.07731463360493977	0.0022578465765915098	0.07116029689568962	0.0061543367092502434
PASS.CHIP.Kessler2022	/cluster/projects/nn9114k/datngu/database/alkes_group_data/sumstats_107/PASS.CHIP.Kessler2022.sumstats.gz	results/sldsc_sumstats_107/PASS.CHIP.Kessler2022.sldsc_sv.log	/cluster/projects/nn9114k/datngu/projects/mixer_sv/saga_results_107/univar_PASS.CHIP.Kessler2022_list.txt	ok	ok	0.0175	0.0034	1.0732	1.1269	1.0214	0.0112	0.1685	0.0883	0.017435	7.964e-05	0.005	0.0029	0.9947	0.0053	0.9955	0.0045	1.0007	0.8625	2.8725e-09	2.4756e-09	8.2358e-10	9.1586e-08	0.9079694711876096	0.05610046199384116	18.606407020130362	10.732607762088163	0.016505229958300116	0.0015201623137302382	0.014908317583605836	0.0015969123746942674
PASS.Cancer_Esophageal.Gharahkhani2016	/cluster/projects/nn9114k/datngu/database/alkes_group_data/sumstats_107/PASS.Cancer_Esophageal.Gharahkhani2016.sumstats.gz	results/sldsc_sumstats_107/PASS.Cancer_Esophageal.Gharahkhani2016.sldsc_sv.log	/cluster/projects/nn9114k/datngu/projects/mixer_sv/saga_results_107/univar_PASS.Cancer_Esophageal.Gharahkhani2016_list.txt	ok	ok	0.203	0.0292	1.0466	1.0568	0.9904	0.0059			0.1776	0.0254	0.0288	0.0252	0.9947	0.0053	0.8749	0.1251	0.8796	23.7247	2.9267e-08	7.8945e-07	4.7404e-09	7.8356e-07	0.8880141511902805	0.0710499612152356	22.42406938308703	13.592604020238129	0.19350354726162494	0.023534254071695543	0.17094036512740443	0.022563182134221767
PASS.Cancer_Lung.McKay2017	/cluster/projects/nn9114k/datngu/database/alkes_group_data/sumstats_107/PASS.Cancer_Lung.McKay2017.sumstats.gz	results/sldsc_sumstats_107/PASS.Cancer_Lung.McKay2017.sldsc_sv.log	/cluster/projects/nn9114k/datngu/projects/mixer_sv/saga_results_107/univar_PASS.Cancer_Lung.McKay2017_list.txt	ok	ok	0.0767	0.0091	1.152	1.1699	1.0741	0.0079	0.436	0.0464	0.0668	0.0099	0.0102	0.0068	0.9947	0.0053	0.8709	0.1291	0.8756	24.4786	1.1013e-08	3.0789e-07	1.6765e-09	2.1157e-07	0.761236204260555	0.04426900982468746	46.67802253999436	8.469126662745861	0.10260373873618349	0.0072760970543286315	0.07769953702129537	0.024904201714887875
PASS.Cancer_Prostate.Schumacher2018	/cluster/projects/nn9114k/datngu/database/alkes_group_data/sumstats_107/PASS.Cancer_Prostate.Schumacher2018.sumstats.gz	results/sldsc_sumstats_107/PASS.Cancer_Prostate.Schumacher2018.sldsc_sv.log	/cluster/projects/nn9114k/datngu/projects/mixer_sv/saga_results_107/univar_PASS.Cancer_Prostate.Schumacher2018_list.txt	ok	ok	0.2692	0.0244	1.2221	1.4138	1.1311	0.0173	0.3168	0.0418	0.2226	0.0466	0.0242	0.0198	0.9947	0.0053	0.8269	0.1731	0.8313	32.8257	3.6678e-08	1.4483e-06	3.9827e-09	6.1483e-07	0.7324521958598353	0.020838748231189603	52.18470574733604	3.986671465251369	0.3459175020731068	0.012094912003602866	0.25205053947855327	0.09386696259455274
PASS.Cannabis_Use_Disorder.Johnson2020	/cluster/projects/nn9114k/datngu/database/alkes_group_data/sumstats_107/PASS.Cannabis_Use_Disorder.Johnson2020.sumstats.gz	results/sldsc_sumstats_107/PASS.Cannabis_Use_Disorder.Johnson2020.sldsc_sv.log	/cluster/projects/nn9114k/datngu/projects/mixer_sv/saga_results_107/univar_PASS.Cannabis_Use_Disorder.Johnson2020_list.txt	ok	ok	0.0186	0.0018	1.127	1.1346	1.027	0.0065	0.2006	0.0484	0.0198	-0.0012	0.0019	0.0011	0.9947	0.0053	1.0666	-0.0666	1.0723	-12.6408	3.2672e-09	-3.8515e-08	3.1652e-10	3.4001e-08	1.00522710446868	0.0	0.0	0.0	0.016800107156327883	0.0012900819419781634	0.016800107156327883	0.0
PASS.Celiac.Dubois2010	/cluster/projects/nn9114k/datngu/database/alkes_group_data/sumstats_107/PASS.Celiac.Dubois2010.sumstats.gz	results/sldsc_sumstats_107/PASS.Celiac.Dubois2010.sldsc_sv.log	/cluster/projects/nn9114k/datngu/projects/mixer_sv/saga_results_107/univar_PASS.Celiac.Dubois2010_list.txt	ok	ok	0.2742	0.073	1.1019	1.1319	1.0754	0.012	0.5713	0.0908	0.2763	-0.002	0.075	0.0348	0.9947	0.0053	1.0074	-0.0074	1.0128	-1.4114	4.552e-08	-6.3434e-08	1.2355e-08	1.082e-06	0.9131280939495116	0.0852857997712771	17.619508290096764	16.316069495498905	0.23843781525888078	0.0372670545630592	0.21659211814419443	0.021845697114687163
PASS.Chronic_Obstructive_Pulmonary_Disease.Consentino2023	/cluster/projects/nn9114k/datngu/database/alkes_group_data/sumstats_107/PASS.Chronic_Obstructive_Pulmonary_Disease.Consentino2023.sumstats.gz	results/sldsc_sumstats_107/PASS.Chronic_Obstructive_Pulmonary_Disease.Consentino2023.sldsc_sv.log	/cluster/projects/nn9114k/datngu/projects/mixer_sv/saga_results_107/univar_PASS.Chronic_Obstructive_Pulmonary_Disease.Consentino2023_list.txt	ok	ok	0.2093	0.0104	1.7024	2.2656	1.2858	0.022	0.2258	0.0174	0.2084	0.0009	0.0109	0.0057	0.9947	0.0053	0.9956	0.0044	1.0009	0.8381	3.4334e-08	2.8752e-08	1.8007e-09	1.7693e-07	0.996153034169021	0.009120360080778813	1.7359649790860074	1.7448207005274377	0.210363999790713	0.004160820398254358	0.2084650679830319	0.0018989318076807328
PASS.Cigarettes_Per_Day.Liu2019	/cluster/projects/nn9114k/datngu/database/alkes_group_data/sumstats_107/PASS.Cigarettes_Per_Day.Liu2019.sumstats.gz	results/sldsc_sumstats_107/PASS.Cigarettes_Per_Day.Liu2019.sldsc_sv.log	/cluster/projects/nn9114k/datngu/projects/mixer_sv/saga_results_107/univar_PASS.Cigarettes_Per_Day.Liu2019_list.txt	ok	ok	0.0708	0.0056	1.2435	1.3369	1.0326	0.0122	0.0967	0.0363	0.0766	-0.0058	0.0056	0.0034	0.9947	0.0053	1.0815	-0.0815	1.0872	-15.4517	1.2621e-08	-1.7937e-07	9.1551e-10	1.0569e-07	1.0052271044686847	0.0	0.0	0.0	0.0627240253469192	0.0029723253936178176	0.0627240253469192	0.0
PASS.Coronary_Artery_Disease.Aragam2022	/cluster/projects/nn9114k/datngu/database/alkes_group_data/sumstats_107/PASS.Coronary_Artery_Disease.Aragam2022.sumstats.gz	results/sldsc_sumstats_107/PASS.Coronary_Artery_Disease.Aragam2022.sldsc_sv.log	/cluster/projects/nn9114k/datngu/projects/mixer_sv/saga_results_107/univar_PASS.Coronary_Artery_Disease.Aragam2022_list.txt	ok	ok	0.0333	0.0025	1.4118	1.7529	1.1275	0.0168	0.1693	0.0223	0.0314	0.0019	0.0023	0.0012	0.9947	0.0053	0.9421	0.0579	0.9471	10.9775	5.1757e-09	5.9989e-08	3.797e-10	3.6429e-08	0.9448230056328639	0.01423646496490845	11.555938703294085	2.7235853138581	0.03225175542116816	0.0007780310679047378	0.030313747369625662	0.0019380080515425053
PASS.Covid19_Infection.hg_v7	/cluster/projects/nn9114k/datngu/database/alkes_group_data/sumstats_107/PASS.Covid19_Infection.hg_v7.sumstats.gz	results/sldsc_sumstats_107/PASS.Covid19_Infection.hg_v7.sldsc_sv.log	/cluster/projects/nn9114k/datngu/projects/mixer_sv/saga_results_107/univar_PASS.Covid19_Infection.hg_v7_list.txt	ok	ok	0.0022	0.0003	1.1188	1.1392	1.0549	0.0072	0.3941	0.0519	0.0021	0.0001	0.0004	0.0002	0.9947	0.0053	0.9353	0.0647	0.9402	12.2755	3.3948e-10	4.4322e-09	6.1831e-11	6.58e-09	0.9201786753317954	0.061890430961427254	16.27065799936164	11.840289654094422	0.0020992389102679515	0.0002196569816420779	0.0019216303172369398	0.0001776085930310139
PASS.Covid19_Vaccination.Hartonen2023	/cluster/projects/nn9114k/datngu/database/alkes_group_data/sumstats_107/PASS.Covid19_Vaccination.Hartonen2023.sumstats.gz	results/sldsc_sumstats_107/PASS.Covid19_Vaccination.Hartonen2023.sldsc_sv.log	/cluster/projects/nn9114k/datngu/projects/mixer_sv/saga_results_107/univar_PASS.Covid19_Vaccination.Hartonen2023_list.txt	ok	ok	0.0397	0.0034	1.2804	1.3169	1.1429	0.0095	0.451	0.0299	0.0412	-0.0015	0.0035	0.0019	0.9947	0.0053	1.0375	-0.0375	1.043	-7.1046	6.7915e-09	-4.6264e-08	5.7175e-10	6.016e-08	1.0052271044686834	4.440892098500626e-16	0.0	0.0	0.03607414249053437	0.0020596058468735985	0.03607414249053437	0.0
PASS.Daytime_Napping.Dashti2021	/cluster/projects/nn9114k/datngu/database/alkes_group_data/sumstats_107/PASS.Daytime_Napping.Dashti2021.sumstats.gz	results/sldsc_sumstats_107/PASS.Daytime_Napping.Dashti2021.sldsc_sv.log	/cluster/projects/nn9114k/datngu/projects/mixer_sv/saga_results_107/univar_PASS.Daytime_Napping.Dashti2021_list.txt	ok	ok	0.0885	0.0036	1.5722	1.7734	1.1798	0.0127	0.2325	0.0164	0.085	0.0035	0.0037	0.0018	0.9947	0.0053	0.9605	0.0395	0.9656	7.4883	1.4001e-08	1.0858e-07	6.0898e-10	5.4868e-08	0.9340616057254054	0.014587500799316866	13.614707563171685	2.790742156907903	0.0907491669132473	0.002297966393704497	0.084324539388573	0.0064246275246743235
PASS.Depression.Howard2019	/cluster/projects/nn9114k/datngu/database/alkes_group_data/sumstats_107/PASS.Depression.Howard2019.sumstats.gz	results/sldsc_sumstats_107/PASS.Depression.Howard2019.sldsc_sv.log	/cluster/projects/nn9114k/datngu/projects/mixer_sv/saga_results_107/univar_PASS.Depression.Howard2019_list.txt	ok	ok	0.065	0.0028	1.4551	1.5889	1.0997	0.0104	0.1694	0.0176	0.0646	0.0004	0.0032	0.0014	0.9947	0.0053	0.9934	0.0066	0.9987	1.2454	1.0635e-08	1.3263e-08	5.2796e-10	4.4299e-08	1.005227104468687	2.220446049250313e-16	0.0	0.0	0.06587520893846224	0.0015535809358777225	0.06587520893846224	0.0
PASS.Drinks_Per_Week.Liu2019	/cluster/projects/nn9114k/datngu/database/alkes_group_data/sumstats_107/PASS.Drinks_Per_Week.Liu2019.sumstats.gz	results/sldsc_sumstats_107/PASS.Drinks_Per_Week.Liu2019.sldsc_sv.log	/cluster/projects/nn9114k/datngu/projects/mixer_sv/saga_results_107/univar_PASS.Drinks_Per_Week.Liu2019_list.txt	ok	ok	0.0539	0.0034	1.3398	1.491	1.026	0.0146	0.053	0.0298	0.0531	0.0008	0.0036	0.0018	0.9947	0.0053	0.9852	0.0148	0.9904	2.8044	8.7474e-09	2.4768e-08	5.986e-10	5.6503e-08	1.0052271044686814	0.0	0.0	0.0	0.04973271421530148	0.0016564412579478985	0.04973271421530148	0.0
PASS.Education_Years.Rietveld2013	/cluster/projects/nn9114k/datngu/database/alkes_group_data/sumstats_107/PASS.Education_Years.Rietveld2013.sumstats.gz	results/sldsc_sumstats_107/PASS.Education_Years.Rietveld2013.sldsc_sv.log	/cluster/projects/nn9114k/datngu/projects/mixer_sv/saga_results_107/univar_PASS.Education_Years.Rietveld2013_list.txt	ok	ok	0.0862	0.0071	1.1974	1.2324	1.0661	0.0083	0.2842	0.0357	0.0813	0.0048	0.007	0.004	0.9947	0.0053	0.9437	0.0563	0.9487	10.6766	1.3396e-08	1.5076e-07	1.1463e-09	1.247e-07	0.9309673230284774	0.03704623025111912	14.20667635114327	7.087333048931346	0.08469440004258545	0.005346163405680777	0.07843771674344602	0.006256683299139645
PASS.Endometriosis.Rahmioglu2023	/cluster/projects/nn9114k/datngu/database/alkes_group_data/sumstats_107/PASS.Endometriosis.Rahmioglu2023.sumstats.gz	results/sldsc_sumstats_107/PASS.Endometriosis.Rahmioglu2023.sldsc_sv.log	/cluster/projects/nn9114k/datngu/projects/mixer_sv/saga_results_107/univar_PASS.Endometriosis.Rahmioglu2023_list.txt	ok	ok	0.0163	0.0016	1.039	1.0902	0.9626	0.008			0.017	-0.0007	0.0017	0.0011	0.9947	0.0053	1.0404	-0.0404	1.0459	-7.6691	2.8003e-09	-2.0532e-08	2.7269e-10	3.3263e-08	1.0052271044686807	2.220446049250313e-16	0.0	0.0	0.01593176214160611	0.0009735473969163948	0.01593176214160611	0.0
PASS.Eosinophil_Percentage.Vuckovic2020	/cluster/projects/nn9114k/datngu/database/alkes_group_data/sumstats_107/PASS.Eosinophil_Percentage.Vuckovic2020.sumstats.gz	results/sldsc_sumstats_107/PASS.Eosinophil_Percentage.Vuckovic2020.sldsc_sv.log	/cluster/projects/nn9114k/datngu/projects/mixer_sv/saga_results_107/univar_PASS.Eosinophil_Percentage.Vuckovic2020_list.txt	ok	ok	0.2262	0.0168	1.5879	2.7364	1.3954	0.0395	0.2277	0.0227	0.2076	0.0187	0.0166	0.0083	0.9947	0.0053	0.9175	0.0825	0.9224	15.6405	3.4203e-08	5.7995e-07	2.7408e-09	2.5763e-07	0.9396074569429896	0.00973270110339452	12.553727961403723	1.861967971312651	0.24165622710594778	0.004146582661276375	0.2258812879159999	0.015774939189948337
PASS.Ever_Smoked.TAGC2010	/cluster/projects/nn9114k/datngu/database/alkes_group_data/sumstats_107/PASS.Ever_Smoked.TAGC2010.sumstats.gz	results/sldsc_sumstats_107/PASS.Ever_Smoked.TAGC2010.sldsc_sv.log	/cluster/projects/nn9114k/datngu/projects/mixer_sv/saga_results_107/univar_PASS.Ever_Smoked.TAGC2010_list.txt	ok	ok	0.0794	0.0076	1.0877	1.1037	1.017	0.0064	0.1644	0.0613	0.0731	0.0063	0.0084	0.006	0.9947	0.0053	0.9206	0.0794	0.9254	15.0691	1.2047e-08	1.9616e-07	1.3794e-09	1.8796e-07	0.9722703076626795	0.05083993721288329	6.304981467932324	9.72621410524158	0.07110498534302345	0.007269937300415336	0.06877377825218146	0.0023312070908414672
PASS.Fetal_Birth_Weight.Warrington2019	/cluster/projects/nn9114k/datngu/database/alkes_group_data/sumstats_107/PASS.Fetal_Birth_Weight.Warrington2019.sumstats.gz	results/sldsc_sumstats_107/PASS.Fetal_Birth_Weight.Warrington2019.sldsc_sv.log	/cluster/projects/nn9114k/datngu/projects/mixer_sv/saga_results_107/univar_PASS.Fetal_Birth_Weight.Warrington2019_list.txt	ok	ok	0.1149	0.0071	1.3936	1.6276	1.1681	0.0161	0.2679	0.0257	0.1066	0.0084	0.007	0.0051	0.9947	0.0053	0.9273	0.0727	0.9322	13.7859	1.7559e-08	2.5966e-07	1.1601e-09	1.5922e-07	0.9221127291379453	0.016850512442650237	15.900653187378815	3.223680059123224	0.1086801831980077	0.0032877024610421693	0.09969426797827517	0.008985915219732396
PASS.Forced_Vital_Capacity.Shrine2023	/cluster/projects/nn9114k/datngu/database/alkes_group_data/sumstats_107/PASS.Forced_Vital_Capacity.Shrine2023.sumstats.gz	results/sldsc_sumstats_107/PASS.Forced_Vital_Capacity.Shrine2023.sldsc_sv.log	/cluster/projects/nn9114k/datngu/projects/mixer_sv/saga_results_107/univar_PASS.Forced_Vital_Capacity.Shrine2023_list.txt	ok	ok	0.1616	0.0058	1.9499	2.5839	1.2488	0.018	0.1571	0.0114	0.1597	0.0019	0.0057	0.0032	0.9947	0.0053	0.9885	0.0115	0.9937	2.1883	2.6315e-08	5.7952e-08	9.4465e-10	9.8399e-08	0.9744191543857302	0.008810352594211446	5.893884514365907	1.6855130114570276	0.15725466522568404	0.002659532048285124	0.15243516338868868	0.004819501836994606
PASS.Gastrointestinal_Disease.Donertas2021	/cluster/projects/nn9114k/datngu/database/alkes_group_data/sumstats_107/PASS.Gastrointestinal_Disease.Donertas2021.sumstats.gz	results/sldsc_sumstats_107/PASS.Gastrointestinal_Disease.Donertas2021.sldsc_sv.log	/cluster/projects/nn9114k/datngu/projects/mixer_sv/saga_results_107/univar_PASS.Gastrointestinal_Disease.Donertas2021_list.txt	ok	ok	0.0216	0.0015	1.1889	1.2082	1.0501	0.0072	0.2407	0.0348	0.0213	0.0003	0.0015	0.0012	0.9947	0.0053	0.9869	0.0131	0.9921	2.4879	3.5063e-09	8.7928e-09	2.5329e-10	3.5857e-08	0.9784816259095049	0.03036593019690186	5.116691032178422	5.809321466373526	0.021322076213655283	0.0012871137358906552	0.020754772437549033	0.0005673037761062065
PASS.General_Risk_Tolerance.KarlssonLinner2019	/cluster/projects/nn9114k/datngu/database/alkes_group_data/sumstats_107/PASS.General_Risk_Tolerance.KarlssonLinner2019.sumstats.gz	results/sldsc_sumstats_107/PASS.General_Risk_Tolerance.KarlssonLinner2019.sldsc_sv.log	/cluster/projects/nn9114k/datngu/projects/mixer_sv/saga_results_107/univar_PASS.General_Risk_Tolerance.KarlssonLinner2019_list.txt	ok	ok	0.0539	0.0028	1.374	1.4679	1.0947	0.0106	0.2025	0.0226	0.0532	0.0007	0.0028	0.0013	0.9947	0.0053	0.987	0.013	0.9923	2.4586	8.7663e-09	2.172e-08	4.579e-10	4.0907e-08	1.005227104468684	2.220446049250313e-16	0.0	0.0	0.05346794354023686	0.001555266169761861	0.05346794354023686	0.0
PASS.Genetic_Generalized_Epilepsy.Berkovic2022	/cluster/projects/nn9114k/datngu/database/alkes_group_data/sumstats_107/PASS.Genetic_Generalized_Epilepsy.Berkovic2022.sumstats.gz	results/sldsc_sumstats_107/PASS.Genetic_Generalized_Epilepsy.Berkovic2022.sldsc_sv.log	/cluster/projects/nn9114k/datngu/projects/mixer_sv/saga_results_107/univar_PASS.Genetic_Generalized_Epilepsy.Berkovic2022_list.txt	ok	ok	0.5978	0.0571	1.2932	1.3493	1.1109	0.0112	0.3175	0.0322	0.5565	0.0414	0.0527	0.0261	0.9947	0.0053	0.9308	0.0692	0.9357	13.1316	9.1681e-08	1.2866e-06	8.6805e-09	8.1165e-07	0.9434941004977843	0.03572837794200048	11.810172216901861	6.835214057047027	0.5677337184430512	0.033559760533069846	0.532868057002713	0.034865661440336274
PASS.Glaucoma.Craig2020	/cluster/projects/nn9114k/datngu/database/alkes_group_data/sumstats_107/PASS.Glaucoma.Craig2020.sumstats.gz	results/sldsc_sumstats_107/PASS.Glaucoma.Craig2020.sldsc_sv.log	/cluster/projects/nn9114k/datngu/projects/mixer_sv/saga_results_107/univar_PASS.Glaucoma.Craig2020_list.txt	ok	ok	0.3582	0.0254	1.1908	1.3742	1.0116	0.013	0.0311	0.0348	0.3452	0.0131	0.0235	0.0145	0.9947	0.0053	0.9635	0.0365	0.9686	6.9228	5.6868e-08	4.0644e-07	3.8736e-09	4.4982e-07	0.9285231853250951	0.019016260449433713	14.674265571527243	3.638010405830275	0.3679854778636079	0.012061444349283475	0.3399063222035716	0.02807915566003542
PASS.Gout.Donertas2021	/cluster/projects/nn9114k/datngu/database/alkes_group_data/sumstats_107/PASS.Gout.Donertas2021.sumstats.gz	results/sldsc_sumstats_107/PASS.Gout.Donertas2021.sldsc_sv.log	/cluster/projects/nn9114k/datngu/projects/mixer_sv/saga_results_107/univar_PASS.Gout.Donertas2021_list.txt	ok	ok	0.019	0.0043	1.0979	1.1752	1.0318	0.0142	0.1813	0.0808	0.018943	7.3238e-06	0.0047	0.0019	0.9947	0.0053	0.99961	0.00038647	1.0049	0.0733	3.1211e-09	2.2766e-10	7.8249e-10	5.91e-08	0.9580850017254802	0.03597958068363064	9.018779522321454	6.883271780617546	0.017972958664095436	0.0012243937332186252	0.017130081407627142	0.0008428772564682378
PASS.HDL.Teslovich2010	/cluster/projects/nn9114k/datngu/database/alkes_group_data/sumstats_107/PASS.HDL.Teslovich2010.sumstats.gz	results/sldsc_sumstats_107/PASS.HDL.Teslovich2010.sldsc_sv.log	/cluster/projects/nn9114k/datngu/projects/mixer_sv/saga_results_107/univar_PASS.HDL.Teslovich2010_list.txt	ok	ok	0.1066	0.0112	1.017	1.1101	0.9454	0.0139			0.0997	0.0069	0.0105	0.0068	0.9947	0.0053	0.9355	0.0645	0.9405	12.2333	1.6423e-08	2.1363e-07	1.7373e-09	2.1237e-07	1.0052271044686876	0.0	0.0	0.0	0.09942524057809704	0.005208606117151344	0.09942524057809704	0.0
PASS.Heart_Failure.Shah2020	/cluster/projects/nn9114k/datngu/database/alkes_group_data/sumstats_107/PASS.Heart_Failure.Shah2020.sumstats.gz	results/sldsc_sumstats_107/PASS.Heart_Failure.Shah2020.sldsc_sv.log	/cluster/projects/nn9114k/datngu/projects/mixer_sv/saga_results_107/univar_PASS.Heart_Failure.Shah2020_list.txt	ok	ok	0.0096	0.0007	1.1266	1.158	1.0219	0.0066	0.1385	0.0416	0.0085	0.0011	0.0008	0.0005	0.9947	0.0053	0.8845	0.1155	0.8892	21.904	1.406e-09	3.4634e-08	1.2844e-10	1.6076e-08	0.8771663581210867	0.044440465122439696	24.499366162437777	8.501927862488328	0.008522420140271426	0.0006244829635321709	0.00743670778830714	0.0010857123519643084
PASS.Height.Yengo2022	/cluster/projects/nn9114k/datngu/database/alkes_group_data/sumstats_107/PASS.Height.Yengo2022.sumstats.gz	results/sldsc_sumstats_107/PASS.Height.Yengo2022.sldsc_sv.log	/cluster/projects/nn9114k/datngu/projects/mixer_sv/saga_results_107/univar_PASS.Height.Yengo2022_list.txt	ok	ok	0.6277	0.0356	5.1513	14.4899	2.8154	0.2122	0.1346	0.0157	0.6235	0.0042	0.0356	0.0124	0.9947	0.0053	0.9933	0.0067	0.9986	1.27	1.0272e-07	1.3065e-07	5.8695e-09	3.8447e-07	0.9677179840067995	0.005348543092036684	7.175888809302285	1.0232324844625156	0.5526189668893635	0.00537468078336549	0.5319985008211202	0.020620466068242145
PASS.Inflammatory_Bowel_Disease.deLange2017	/cluster/projects/nn9114k/datngu/database/alkes_group_data/sumstats_107/PASS.Inflammatory_Bowel_Disease.deLange2017.sumstats.gz	results/sldsc_sumstats_107/PASS.Inflammatory_Bowel_Disease.deLange2017.sldsc_sv.log	/cluster/projects/nn9114k/datngu/projects/mixer_sv/saga_results_107/univar_PASS.Inflammatory_Bowel_Disease.deLange2017_list.txt	ok	ok	0.3015	0.0301	1.2831	1.4598	1.1956	0.0127	0.4255	0.0276	0.2853	0.0162	0.0288	0.0199	0.9947	0.0053	0.9462	0.0538	0.9512	10.1993	4.7002e-08	5.0396e-07	4.7495e-09	6.1811e-07	0.9610450633910378	0.024129608501326283	8.452488627756031	4.6162476081911255	0.3122369185702248	0.013746832465915002	0.29851338853318105	0.013723530037043418
PASS.Insomnia.Watanabe2022	/cluster/projects/nn9114k/datngu/database/alkes_group_data/sumstats_107/PASS.Insomnia.Watanabe2022.sumstats.gz	results/sldsc_sumstats_107/PASS.Insomnia.Watanabe2022.sldsc_sv.log	/cluster/projects/nn9114k/datngu/projects/mixer_sv/saga_results_107/univar_PASS.Insomnia.Watanabe2022_list.txt	ok	ok	0.0308	0.0016	1.3061	1.3633	1.0749	0.0096	0.2061	0.0263	0.03	0.0008	0.0017	0.001	0.9947	0.0053	0.9735	0.0265	0.9786	5.03	4.9448e-09	2.5415e-08	2.8102e-10	2.9723e-08	0.9692488933049573	0.02309934226589071	6.8830097770709555	4.4191468535364695	0.030312475145421472	0.0012446881945864577	0.02922755749166046	0.0010849176537609069
PASS.Intelligence.SavageJansen2018	/cluster/projects/nn9114k/datngu/database/alkes_group_data/sumstats_107/PASS.Intelligence.SavageJansen2018.sumstats.gz	results/sldsc_sumstats_107/PASS.Intelligence.SavageJansen2018.sldsc_sv.log	/cluster/projects/nn9114k/datngu/projects/mixer_sv/saga_results_107/univar_PASS.Intelligence.SavageJansen2018_list.txt	ok	ok	0.2157	0.0085	1.753	2.0745	1.2067	0.0132	0.1924	0.0123	0.22	-0.0043	0.0088	0.0042	0.9947	0.0053	1.0201	-0.0201	1.0255	-3.8121	3.6254e-08	-1.3477e-07	1.4508e-09	1.2903e-07	1.0052271044686858	0.0	0.0	0.0	0.2123210939580284	0.0038598531637888413	0.2123210939580284	0.0
PASS.Ischemic_Stroke.Malik2018	/cluster/projects/nn9114k/datngu/database/alkes_group_data/sumstats_107/PASS.Ischemic_Stroke.Malik2018.sumstats.gz	results/sldsc_sumstats_107/PASS.Ischemic_Stroke.Malik2018.sldsc_sv.log	/cluster/projects/nn9114k/datngu/projects/mixer_sv/saga_results_107/univar_PASS.Ischemic_Stroke.Malik2018_list.txt	ok	ok	0.0125	0.0016	1.1235	1.1406	1.0549	0.007	0.3901	0.0498	0.0116	0.0009	0.0015	0.001	0.9947	0.0053	0.9309	0.0691	0.9358	13.1042	1.9177e-09	2.6853e-08	2.5416e-10	3.1175e-08	0.9864186032628757	0.04626576448000476	3.5982638798395548	8.85112680589962	0.012274940268628593	0.0012081555702492344	0.012045267563010728	0.00022967270561791023
PASS.Knee_Osteoarthritis.Boer2021	/cluster/projects/nn9114k/datngu/database/alkes_group_data/sumstats_107/PASS.Knee_Osteoarthritis.Boer2021.sumstats.gz	results/sldsc_sumstats_107/PASS.Knee_Osteoarthritis.Boer2021.sldsc_sv.log	/cluster/projects/nn9114k/datngu/projects/mixer_sv/saga_results_107/univar_PASS.Knee_Osteoarthritis.Boer2021_list.txt	ok	ok	0.0491	0.0026	1.2661	1.3455	1.0527	0.0089	0.1525	0.0258	0.0467	0.0024	0.0029	0.0017	0.9947	0.0053	0.952	0.048	0.9571	9.1004	7.6976e-09	7.3194e-08	4.6963e-10	5.4385e-08	0.9193512330701015	0.022563393981863307	16.428956397002228	4.316614316213294	0.04890158648739823	0.001877610522205658	0.044723957040569834	0.0041776294468284
PASS.LDL.Teslovich2010	/cluster/projects/nn9114k/datngu/database/alkes_group_data/sumstats_107/PASS.LDL.Teslovich2010.sumstats.gz	results/sldsc_sumstats_107/PASS.LDL.Teslovich2010.sldsc_sv.log	/cluster/projects/nn9114k/datngu/projects/mixer_sv/saga_results_107/univar_PASS.LDL.Teslovich2010_list.txt	ok	ok	0.1005	0.0115	1.0141	1.1038	0.9549	0.0114			0.0998	0.0007	0.0129	0.0066	0.9947	0.0053	0.9932	0.0068	0.9984	1.2929	1.6437e-08	2.1284e-08	2.1233e-09	2.0628e-07	1.005227104468686	0.0	0.0	0.0	0.09397552183479763	0.00537879913903619	0.09397552183479763	0.0
PASS.Lupus.Bentham2015	/cluster/projects/nn9114k/datngu/database/alkes_group_data/sumstats_107/PASS.Lupus.Bentham2015.sumstats.gz	results/sldsc_sumstats_107/PASS.Lupus.Bentham2015.sldsc_sv.log	/cluster/projects/nn9114k/datngu/projects/mixer_sv/saga_results_107/univar_PASS.Lupus.Bentham2015_list.txt	ok	ok	0.4776	0.0635	1.1683	1.2145	1.108	0.0084	0.5035	0.0392	0.4328	0.0448	0.0636	0.0397	0.9947	0.0053	0.9061	0.0939	0.9109	17.8022	7.1307e-08	1.3935e-06	1.0481e-08	1.2337e-06	0.813093999413605	0.07278495576723226	36.7570815173425	13.924526705616083	0.37659593147187514	0.04147714730344657	0.3046156343398708	0.07198029713200374
PASS.Maternal_Birth_Weight.Warrington2019	/cluster/projects/nn9114k/datngu/database/alkes_group_data/sumstats_107/PASS.Maternal_Birth_Weight.Warrington2019.sumstats.gz	results/sldsc_sumstats_107/PASS.Maternal_Birth_Weight.Warrington2019.sldsc_sv.log	/cluster/projects/nn9114k/datngu/projects/mixer_sv/saga_results_107/univar_PASS.Maternal_Birth_Weight.Warrington2019_list.txt	ok	ok	0.1191	0.0072	1.3292	1.4761	1.1198	0.0112	0.2516	0.0235	0.1101	0.009	0.0073	0.0046	0.9947	0.0053	0.9244	0.0756	0.9293	14.3353	1.814e-08	2.7981e-07	1.2078e-09	1.4215e-07	0.925083396756815	0.02109449741263228	15.332333262520272	4.035598970522203	0.10970989743225495	0.004014592402167967	0.10096306011178968	0.00874683732046506
PASS.Medication_Use.Wu2019	/cluster/projects/nn9114k/datngu/database/alkes_group_data/sumstats_107/PASS.Medication_Use.Wu2019.sumstats.gz	results/sldsc_sumstats_107/PASS.Medication_Use.Wu2019.sldsc_sv.log	/cluster/projects/nn9114k/datngu/projects/mixer_sv/saga_results_107/univar_PASS.Medication_Use.Wu2019_list.txt	ok	ok	0.1563	0.0111	1.1999	1.2502	1.0603	0.0077	0.2411	0.0309	0.1527	0.0036	0.0111	0.0074	0.9947	0.0053	0.9773	0.0227	0.9824	4.3144	2.5164e-08	1.1051e-07	1.8258e-09	2.295e-07	0.9960225588727503	0.02528774394045093	1.7609262740156015	4.837811084885111	0.1394460797402284	0.008092170041721884	0.1381692162399935	0.0012768635002345938
PASS.Monocyte_Percentage.Vuckovic2020	/cluster/projects/nn9114k/datngu/database/alkes_group_data/sumstats_107/PASS.Monocyte_Percentage.Vuckovic2020.sumstats.gz	results/sldsc_sumstats_107/PASS.Monocyte_Percentage.Vuckovic2020.sldsc_sv.log	/cluster/projects/nn9114k/datngu/projects/mixer_sv/saga_results_107/univar_PASS.Monocyte_Percentage.Vuckovic2020_list.txt	ok	ok	0.199	0.0179	1.5371	2.5964	1.4763	0.0525	0.2984	0.0329	0.1804	0.0185	0.0173	0.0095	0.9947	0.0053	0.9068	0.0932	0.9117	17.6682	2.9727e-08	5.7611e-07	2.8568e-09	2.9423e-07	0.9669638449770876	0.008679849363076931	7.3201635285538	1.6605463722945082	0.2351636117426763	0.004476289656534712	0.22621227501579147	0.008951336726885981
PASS.Parkinson.Nalls2019	/cluster/projects/nn9114k/datngu/database/alkes_group_data/sumstats_107/PASS.Parkinson.Nalls2019.sumstats.gz	results/sldsc_sumstats_107/PASS.Parkinson.Nalls2019.sldsc_sv.log	/cluster/projects/nn9114k/datngu/projects/mixer_sv/saga_results_107/univar_PASS.Parkinson.Nalls2019_list.txt	ok	ok	0.0159	0.0018	1.088	1.1324	1.0136	0.0062	0.1027	0.0471	0.0167	-0.0008	0.0019	0.0013	0.9947	0.0053	1.0529	-0.0529	1.0585	-10.0305	2.7506e-09	-2.6066e-08	3.1859e-10	3.9104e-08	0.9497339340292392	0.04266644199082404	10.616426507621695	8.16253859980108	0.015120773301517097	0.0011709503011117439	0.014286036905863723	0.0008347363956533641
PASS.Physical_Activity.Wang2022	/cluster/projects/nn9114k/datngu/database/alkes_group_data/sumstats_107/PASS.Physical_Activity.Wang2022.sumstats.gz	results/sldsc_sumstats_107/PASS.Physical_Activity.Wang2022.sldsc_sv.log	/cluster/projects/nn9114k/datngu/projects/mixer_sv/saga_results_107/univar_PASS.Physical_Activity.Wang2022_list.txt	ok	ok	0.0311	0.0019	1.2946	1.3594	1.0802	0.0082	0.2231	0.0227	0.0288	0.0022	0.0018	0.0011	0.9947	0.0053	0.9277	0.0723	0.9326	13.719	4.7517e-09	6.9901e-08	2.8877e-10	3.5505e-08	0.943992005507462	0.02510386409376814	11.71491775763928	4.802632938401877	0.030951643906268197	0.0012528203600178946	0.029066172484748413	0.001885471421519744
PASS.Platelet_Distribution_Width.Vuckovic2020	/cluster/projects/nn9114k/datngu/database/alkes_group_data/sumstats_107/PASS.Platelet_Distribution_Width.Vuckovic2020.sumstats.gz	results/sldsc_sumstats_107/PASS.Platelet_Distribution_Width.Vuckovic2020.sldsc_sv.log	/cluster/projects/nn9114k/datngu/projects/mixer_sv/saga_results_107/univar_PASS.Platelet_Distribution_Width.Vuckovic2020_list.txt	ok	ok	0.2423	0.0192	1.5504	2.78	1.3932	0.0538	0.2209	0.0302	0.2209	0.0214	0.0189	0.0135	0.9947	0.0053	0.9116	0.0884	0.9164	16.7704	3.6391e-08	6.6595e-07	3.119e-09	4.206e-07	0.9169260424137022	0.009964683949721883	16.89292084824581	1.9063487269905408	0.26146207796541876	0.004291528781443282	0.23849475140924525	0.022967326556174755
PASS.Primary_Biliary_Cirrhosis.Cordell2015	/cluster/projects/nn9114k/datngu/database/alkes_group_data/sumstats_107/PASS.Primary_Biliary_Cirrhosis.Cordell2015.sumstats.gz	results/sldsc_sumstats_107/PASS.Primary_Biliary_Cirrhosis.Cordell2015.sldsc_sv.log	/cluster/projects/nn9114k/datngu/projects/mixer_sv/saga_results_107/univar_PASS.Primary_Biliary_Cirrhosis.Cordell2015_list.txt	ok	ok	0.3392	0.0625	1.0496	1.1038	1.0288	0.0086	0.2776	0.0833	0.353	-0.0138	0.0668	0.0453	0.9947	0.0053	1.0407	-0.0407	1.0462	-7.7255	5.8159e-08	-4.2945e-07	1.1002e-08	1.4083e-06	0.945603990429382	0.05960471644903838	11.406528106815518	11.403008454515902	0.3249299398036584	0.04114388486816756	0.30565734481534745	0.019272594988310594
PASS.Reaction_Time.Davies2018	/cluster/projects/nn9114k/datngu/database/alkes_group_data/sumstats_107/PASS.Reaction_Time.Davies2018.sumstats.gz	results/sldsc_sumstats_107/PASS.Reaction_Time.Davies2018.sldsc_sv.log	/cluster/projects/nn9114k/datngu/projects/mixer_sv/saga_results_107/univar_PASS.Reaction_Time.Davies2018_list.txt	ok	ok	0.0879	0.0043	1.3929	1.5003	1.112	0.0098	0.2238	0.0196	0.0816	0.0063	0.0042	0.0021	0.9947	0.0053	0.9284	0.0716	0.9333	13.5827	1.3444e-08	1.9565e-07	6.8443e-10	6.5161e-08	0.9582491597293854	0.018411224558424182	8.987374371556644	3.522260683467893	0.0887107312159353	0.0028526845458669192	0.08456495379875396	0.004145777417181394
PASS.Reticulocyte_Count.Vuckovic2020	/cluster/projects/nn9114k/datngu/database/alkes_group_data/sumstats_107/PASS.Reticulocyte_Count.Vuckovic2020.sumstats.gz	results/sldsc_sumstats_107/PASS.Reticulocyte_Count.Vuckovic2020.sldsc_sv.log	/cluster/projects/nn9114k/datngu/projects/mixer_sv/saga_results_107/univar_PASS.Reticulocyte_Count.Vuckovic2020_list.txt	ok	ok	0.244	0.0172	1.6981	2.7732	1.4011	0.0445	0.2262	0.0251	0.2346	0.0094	0.0161	0.0079	0.9947	0.0053	0.9616	0.0384	0.9667	7.2872	3.8656e-08	2.9141e-07	2.6608e-09	2.4457e-07	0.9304224308292044	0.009800878505741534	14.310919953416409	1.8750110246427314	0.27226536723242806	0.004732929596990519	0.2520045506979193	0.020260816534507994
PASS.Rheumatoid_Arthritis.Ishigaki2022	/cluster/projects/nn9114k/datngu/database/alkes_group_data/sumstats_107/PASS.Rheumatoid_Arthritis.Ishigaki2022.sumstats.gz	results/sldsc_sumstats_107/PASS.Rheumatoid_Arthritis.Ishigaki2022.sldsc_sv.log	/cluster/projects/nn9114k/datngu/projects/mixer_sv/saga_results_107/univar_PASS.Rheumatoid_Arthritis.Ishigaki2022_list.txt	ok	ok	0.1319	0.0121	1.2074	1.2967	1.1107	0.0106	0.3732	0.0358	0.1204	0.0115	0.012	0.0071	0.9947	0.0053	0.9129	0.0871	0.9178	16.5157	1.9833e-08	3.569e-07	1.9772e-09	2.2058e-07	0.9555752573578136	0.03344294007668804	9.498919986838402	6.397985782960472	0.1245822943921951	0.007072071707560573	0.11842871874109624	0.006153575651098731
PASS.Rheumatoid_Arthritis.Saevarsdottir2022	/cluster/projects/nn9114k/datngu/database/alkes_group_data/sumstats_107/PASS.Rheumatoid_Arthritis.Saevarsdottir2022.sumstats.gz	results/sldsc_sumstats_107/PASS.Rheumatoid_Arthritis.Saevarsdottir2022.sldsc_sv.log	/cluster/projects/nn9114k/datngu/projects/mixer_sv/saga_results_107/univar_PASS.Rheumatoid_Arthritis.Saevarsdottir2022_list.txt	ok	ok	0.0134	0.0017	1.1475	1.2817	1.0656	0.0101	0.2328	0.0359	0.0129	0.0005	0.002	0.0007	0.9947	0.0053	0.9602	0.0398	0.9653	7.5442	2.1188e-09	1.6559e-08	3.2333e-10	2.3293e-08	0.9560589532932736	0.03261913309488542	9.406383872750101	6.240382852554563	0.011511434483529318	0.0006430351281004653	0.010948381668482967	0.0005630528150463284
PASS.Sleep_Duration.Dashti2019	/cluster/projects/nn9114k/datngu/database/alkes_group_data/sumstats_107/PASS.Sleep_Duration.Dashti2019.sumstats.gz	results/sldsc_sumstats_107/PASS.Sleep_Duration.Dashti2019.sldsc_sv.log	/cluster/projects/nn9114k/datngu/projects/mixer_sv/saga_results_107/univar_PASS.Sleep_Duration.Dashti2019_list.txt	ok	ok	0.0737	0.0036	1.4922	1.6147	1.1253	0.0107	0.2038	0.0174	0.0739	-0.0002	0.0037	0.0019	0.9947	0.0053	1.0028	-0.0028	1.0081	-0.5373	1.2182e-08	-6.4931e-09	6.1094e-10	5.7706e-08	1.0052271044686845	2.220446049250313e-16	0.0	0.0	0.07231569198776724	0.001756544788193124	0.07231569198776724	0.0
PASS.Snoring.Campos2020	/cluster/projects/nn9114k/datngu/database/alkes_group_data/sumstats_107/PASS.Snoring.Campos2020.sumstats.gz	results/sldsc_sumstats_107/PASS.Snoring.Campos2020.sldsc_sv.log	/cluster/projects/nn9114k/datngu/projects/mixer_sv/saga_results_107/univar_PASS.Snoring.Campos2020_list.txt	ok	ok	0.0659	0.0028	1.4064	1.506	1.1158	0.0097	0.229	0.0191	0.0636	0.0023	0.0029	0.0016	0.9947	0.0053	0.9651	0.0349	0.9703	6.6103	1.0475e-08	7.1365e-08	4.7974e-10	4.9723e-08	0.9638592227982509	0.018769682475043136	7.91411036803827	3.590837448819787	0.06358802380585296	0.002113612719622934	0.06097120037086665	0.002616823434986218
PASS.Structural_Connectivity_Global.Tissink2023	/cluster/projects/nn9114k/datngu/database/alkes_group_data/sumstats_107/PASS.Structural_Connectivity_Global.Tissink2023.sumstats.gz	results/sldsc_sumstats_107/PASS.Structural_Connectivity_Global.Tissink2023.sldsc_sv.log	/cluster/projects/nn9114k/datngu/projects/mixer_sv/saga_results_107/univar_PASS.Structural_Connectivity_Global.Tissink2023_list.txt	ok	ok	0.4081	0.0441	1.1342	1.1732	1.0372	0.0081	0.2149	0.0469	0.3503	0.0579	0.0387	0.0282	0.9947	0.0053	0.8582	0.1418	0.8628	26.8913	5.7712e-08	1.7988e-06	6.3758e-09	8.7583e-07	0.8765238759843622	0.047537917463557525	24.62227974500922	9.094503036693261	0.34626122247306784	0.026880792919833293	0.3019280195250963	0.0443332029479709
PASS.Telomere_Length.Codd2021	/cluster/projects/nn9114k/datngu/database/alkes_group_data/sumstats_107/PASS.Telomere_Length.Codd2021.sumstats.gz	results/sldsc_sumstats_107/PASS.Telomere_Length.Codd2021.sldsc_sv.log	/cluster/projects/nn9114k/datngu/projects/mixer_sv/saga_results_107/univar_PASS.Telomere_Length.Codd2021_list.txt	ok	ok	0.0715	0.0079	1.2438	1.5949	1.0876	0.017	0.1473	0.0286	0.0606	0.0109	0.0083	0.0086	0.9947	0.0053	0.8471	0.1529	0.8516	28.9951	9.9774e-09	3.397e-07	1.369e-09	2.6628e-07	0.7963777006413736	0.014401577512865698	39.95508509128791	2.75517307892875	0.07950823742832817	0.0020387884864018304	0.06298933546831471	0.016518901960013755
PASS.Thumb_Osteoarthritis.Boer2021	/cluster/projects/nn9114k/datngu/database/alkes_group_data/sumstats_107/PASS.Thumb_Osteoarthritis.Boer2021.sumstats.gz	results/sldsc_sumstats_107/PASS.Thumb_Osteoarthritis.Boer2021.sldsc_sv.log	/cluster/projects/nn9114k/datngu/projects/mixer_sv/saga_results_107/univar_PASS.Thumb_Osteoarthritis.Boer2021_list.txt	ok	ok	0.0176	0.0027	1.0539	1.0707	1.0033	0.0067	0.0461	0.0945	0.0171	0.0005	0.0027	0.0016	0.9947	0.0053	0.9704	0.0296	0.9756	5.6067	2.8149e-09	1.6178e-08	4.3793e-10	5.1213e-08	0.9904564054994798	0.055470000155433956	2.825789891458489	10.611993788867556	0.01629108300830752	0.00201036778199526	0.016051703586554708	0.00023937942175287258
PASS.Total_Hip_Replacement.Boer2021	/cluster/projects/nn9114k/datngu/database/alkes_group_data/sumstats_107/PASS.Total_Hip_Replacement.Boer2021.sumstats.gz	results/sldsc_sumstats_107/PASS.Total_Hip_Replacement.Boer2021.sldsc_sv.log	/cluster/projects/nn9114k/datngu/projects/mixer_sv/saga_results_107/univar_PASS.Total_Hip_Replacement.Boer2021_list.txt	ok	ok	0.0457	0.0035	1.1879	1.2779	1.0564	0.0095	0.2028	0.034	0.045702	3.3987e-05	0.0037	0.0023	0.9947	0.0053	0.99926	0.00074311	1.0046	0.1409	7.5298e-09	1.0565e-09	6.1686e-10	7.0098e-08	0.9952433587324687	0.021589401678400833	1.909995447006941	4.130279355950344	0.042064541396315165	0.00205929063470617	0.04164676347932071	0.0004177779169944889
PASS.Tourette_Syndrome.Yu2019	/cluster/projects/nn9114k/datngu/database/alkes_group_data/sumstats_107/PASS.Tourette_Syndrome.Yu2019.sumstats.gz	results/sldsc_sumstats_107/PASS.Tourette_Syndrome.Yu2019.sldsc_sv.log	/cluster/projects/nn9114k/datngu/projects/mixer_sv/saga_results_107/univar_PASS.Tourette_Syndrome.Yu2019_list.txt	ok	ok	0.3363	0.0486	1.1113	1.1167	1.0402	0.0075	0.3442	0.064	0.3267	0.0097	0.05	0.0308	0.9947	0.0053	0.9713	0.0287	0.9764	5.4504	5.3822e-08	3.0044e-07	8.2459e-09	9.5802e-07	0.9735089568104242	0.055759039014837065	6.068014872916348	10.667289959268345	0.3292633926549682	0.03591005451144739	0.3188740738032748	0.010389318851693828
PASS.Type_1_Diabetes.Chiou2021	/cluster/projects/nn9114k/datngu/database/alkes_group_data/sumstats_107/PASS.Type_1_Diabetes.Chiou2021.sumstats.gz	results/sldsc_sumstats_107/PASS.Type_1_Diabetes.Chiou2021.sldsc_sv.log	/cluster/projects/nn9114k/datngu/projects/mixer_sv/saga_results_107/univar_PASS.Type_1_Diabetes.Chiou2021_list.txt	ok	ok	0.0361	0.0046	1.2012	1.3774	1.1321	0.0166	0.35	0.044	0.0262	0.0099	0.0053	0.0052	0.9947	0.0053	0.725	0.275	0.7289	52.1512	4.3122e-09	3.0853e-07	8.7224e-10	1.6296e-07	0.6839217988107957	0.02927379986429015	61.469080555566904	5.60038545999466	0.03263488111523284	0.0015201290812450017	0.022203645820019654	0.010431235295213158
PASS.Type_2_Diabetes.Xue2018	/cluster/projects/nn9114k/datngu/database/alkes_group_data/sumstats_107/PASS.Type_2_Diabetes.Xue2018.sumstats.gz	results/sldsc_sumstats_107/PASS.Type_2_Diabetes.Xue2018.sldsc_sv.log	/cluster/projects/nn9114k/datngu/projects/mixer_sv/saga_results_107/univar_PASS.Type_2_Diabetes.Xue2018_list.txt	ok	ok	0.0509	0.0037	1.4487	1.6772	1.2031	0.0255	0.2999	0.0376	0.050864	5.6866e-05	0.0039	0.0023	0.9947	0.0053	0.9989	0.0011	1.0042	0.2118	8.3803e-09	1.7677e-09	6.3549e-10	7.1796e-08	0.9866744769696045	0.015589758417600687	3.54931255157245	2.9824845688469623	0.05241344827333867	0.0017367000346205955	0.05144609753494844	0.000967350738390115
PASS.Varicose_Veins.Ahmed2022	/cluster/projects/nn9114k/datngu/database/alkes_group_data/sumstats_107/PASS.Varicose_Veins.Ahmed2022.sumstats.gz	results/sldsc_sumstats_107/PASS.Varicose_Veins.Ahmed2022.sldsc_sv.log	/cluster/projects/nn9114k/datngu/projects/mixer_sv/saga_results_107/univar_PASS.Varicose_Veins.Ahmed2022_list.txt	ok	ok	0.0551	0.0037	1.3	1.4548	1.134	0.0151	0.2946	0.0332	0.051	0.0041	0.0043	0.0028	0.9947	0.0053	0.9258	0.0742	0.9307	14.0711	8.4105e-09	1.2715e-07	7.075e-10	8.5755e-08	0.9332877106366246	0.023558222197860152	13.762761824075422	4.506935405442996	0.049478042586138145	0.0020627124479243772	0.0459371309097415	0.0035409116763964795
PASS.Venous_Thromboembolism.Ghouse2023	/cluster/projects/nn9114k/datngu/database/alkes_group_data/sumstats_107/PASS.Venous_Thromboembolism.Ghouse2023.sumstats.gz	results/sldsc_sumstats_107/PASS.Venous_Thromboembolism.Ghouse2023.sldsc_sv.log	/cluster/projects/nn9114k/datngu/projects/mixer_sv/saga_results_107/univar_PASS.Venous_Thromboembolism.Ghouse2023_list.txt	ok	ok	0.0186	0.0018	1.319	1.5508	1.1405	0.0226	0.2551	0.041	0.0202	-0.0016	0.0023	0.0012	0.9947	0.0053	1.0839	-0.0839	1.0896	-15.9046	3.3275e-09	-4.857e-08	3.7179e-10	3.7028e-08	1.00522710446868	0.0	0.0	0.0	0.01655062790250804	0.0005084615588896105	0.01655062790250804	0.0
PASS.Visceral_Adipose_Tissue_Volume.Agrawal2022	/cluster/projects/nn9114k/datngu/database/alkes_group_data/sumstats_107/PASS.Visceral_Adipose_Tissue_Volume.Agrawal2022.sumstats.gz	results/sldsc_sumstats_107/PASS.Visceral_Adipose_Tissue_Volume.Agrawal2022.sldsc_sv.log	/cluster/projects/nn9114k/datngu/projects/mixer_sv/saga_results_107/univar_PASS.Visceral_Adipose_Tissue_Volume.Agrawal2022_list.txt	ok	ok	0.1924	0.0198	1.1507	1.169	1.0497	0.0078	0.2943	0.0463	0.2114	-0.019	0.0192	0.0129	0.9947	0.0053	1.0986	-0.0986	1.1045	-18.7095	3.4827e-08	-5.8997e-07	3.1561e-09	3.9994e-07	1.0052271044686842	0.0	0.0	0.0	0.17621521253025013	0.012694958511252671	0.17621521253025013	0.0
UKB_460K.biochemistry_AlkalinePhosphatase	/cluster/projects/nn9114k/datngu/database/alkes_group_data/sumstats_107/UKB_460K.biochemistry_AlkalinePhosphatase.sumstats.gz	results/sldsc_sumstats_107/UKB_460K.biochemistry_AlkalinePhosphatase.sldsc_sv.log	/cluster/projects/nn9114k/datngu/projects/mixer_sv/saga_results_107/univar_UKB_460K.biochemistry_AlkalinePhosphatase_list.txt	ok	ok	0.2464	0.0202	1.7448	2.8952	1.4997	0.0826	0.2636	0.0436	0.2226	0.0238	0.0203	0.0129	0.9947	0.0053	0.9033	0.0967	0.9081	18.3433	3.6672e-08	7.4078e-07	3.3371e-09	4.0055e-07	0.9682958454045999	0.007394690000244864	7.065337852983395	1.4146818845016997	0.3248629239939176	0.005254970084086478	0.31292771377823414	0.011935210215684073
UKB_460K.biochemistry_AspartateAminotransferase	/cluster/projects/nn9114k/datngu/database/alkes_group_data/sumstats_107/UKB_460K.biochemistry_AspartateAminotransferase.sumstats.gz	results/sldsc_sumstats_107/UKB_460K.biochemistry_AspartateAminotransferase.sldsc_sv.log	/cluster/projects/nn9114k/datngu/projects/mixer_sv/saga_results_107/univar_UKB_460K.biochemistry_AspartateAminotransferase_list.txt	ok	ok	0.1268	0.0087	1.4645	1.9691	1.2148	0.0197	0.2216	0.0204	0.115	0.0118	0.0077	0.0052	0.9947	0.0053	0.9071	0.0929	0.9119	17.6178	1.895e-08	3.6611e-07	1.2686e-09	1.6222e-07	0.882995424016282	0.013097021624853182	23.384204617433625	2.5055978320921084	0.12733467897175618	0.0028709686211389487	0.11185128052239632	0.015483398449359913
UKB_460K.biochemistry_Cholesterol	/cluster/projects/nn9114k/datngu/database/alkes_group_data/sumstats_107/UKB_460K.biochemistry_Cholesterol.sumstats.gz	results/sldsc_sumstats_107/UKB_460K.biochemistry_Cholesterol.sldsc_sv.log	/cluster/projects/nn9114k/datngu/projects/mixer_sv/saga_results_107/univar_UKB_460K.biochemistry_Cholesterol_list.txt	ok	ok	0.1197	0.0113	1.4306	2.0544	1.285	0.0429	0.2703	0.0407	0.1183	0.0014	0.0127	0.007	0.9947	0.0053	0.9883	0.0117	0.9935	2.2232	1.9487e-08	4.3605e-08	2.0888e-09	2.176e-07	1.0052271044686814	0.0	0.0	0.0	0.10099008013524731	0.002337951498268142	0.10099008013524731	0.0
UKB_460K.biochemistry_Creatinine	/cluster/projects/nn9114k/datngu/database/alkes_group_data/sumstats_107/UKB_460K.biochemistry_Creatinine.sumstats.gz	results/sldsc_sumstats_107/UKB_460K.biochemistry_Creatinine.sldsc_sv.log	/cluster/projects/nn9114k/datngu/projects/mixer_sv/saga_results_107/univar_UKB_460K.biochemistry_Creatinine_list.txt	ok	ok	0.2418	0.012	1.8643	2.8945	1.4069	0.0312	0.2148	0.0165	0.222	0.0198	0.0126	0.0072	0.9947	0.0053	0.918	0.082	0.9229	15.5533	3.6579e-08	6.1648e-07	2.0802e-09	2.2238e-07	0.9231094008828312	0.009228772840930429	15.709979411704733	1.7655612005118482	0.24025459088647544	0.0040276928158406245	0.22062802571344015	0.019626565173034804
UKB_460K.biochemistry_IGF1	/cluster/projects/nn9114k/datngu/database/alkes_group_data/sumstats_107/UKB_460K.biochemistry_IGF1.sumstats.gz	results/sldsc_sumstats_107/UKB_460K.biochemistry_IGF1.sldsc_sv.log	/cluster/projects/nn9114k/datngu/projects/mixer_sv/saga_results_107/univar_UKB_460K.biochemistry_IGF1_list.txt	ok	ok	0.326	0.0175	2.0141	3.4657	1.4346	0.03	0.1763	0.0122	0.3132	0.0128	0.0176	0.0086	0.9947	0.0053	0.9607	0.0393	0.9658	7.4544	5.16e-08	3.9827e-07	2.9054e-09	2.6793e-07	0.9422793580007953	0.007823475841858534	12.04256521847259	1.4967131207592705	0.33400926370590295	0.004937058978850689	0.31309346233503027	0.020915801370875318
UKB_460K.biochemistry_Phosphate	/cluster/projects/nn9114k/datngu/database/alkes_group_data/sumstats_107/UKB_460K.biochemistry_Phosphate.sumstats.gz	results/sldsc_sumstats_107/UKB_460K.biochemistry_Phosphate.sldsc_sv.log	/cluster/projects/nn9114k/datngu/projects/mixer_sv/saga_results_107/univar_UKB_460K.biochemistry_Phosphate_list.txt	ok	ok	0.1297	0.0095	1.5017	1.9468	1.2342	0.0236	0.2474	0.025	0.1215	0.0082	0.0097	0.0076	0.9947	0.0053	0.9366	0.0634	0.9416	12.02	2.001e-08	2.5545e-07	1.5943e-09	2.3592e-07	0.9277170974984572	0.013050251731329078	14.828478641397457	2.4966502601037392	0.12751073702684707	0.003069410173940624	0.11767877162142368	0.009831965405423483
UKB_460K.biochemistry_Testosterone_Male	/cluster/projects/nn9114k/datngu/database/alkes_group_data/sumstats_107/UKB_460K.biochemistry_Testosterone_Male.sumstats.gz	results/sldsc_sumstats_107/UKB_460K.biochemistry_Testosterone_Male.sldsc_sv.log	/cluster/projects/nn9114k/datngu/projects/mixer_sv/saga_results_107/univar_UKB_460K.biochemistry_Testosterone_Male_list.txt	ok	ok	0.1924	0.0153	1.4125	1.7424	1.1779	0.0311	0.2396	0.0419	0.1809	0.0114	0.0162	0.0084	0.9947	0.0053	0.9405	0.0595	0.9455	11.2786	2.9809e-08	3.5557e-07	2.6668e-09	2.623e-07	0.86163494423598	0.01355459689198327	27.470688809261077	2.593136787908222	0.24660617853439662	0.005755242690362191	0.2113795976502657	0.03522658088413143
UKB_460K.biochemistry_TotalBilirubin	/cluster/projects/nn9114k/datngu/database/alkes_group_data/sumstats_107/UKB_460K.biochemistry_TotalBilirubin.sumstats.gz	results/sldsc_sumstats_107/UKB_460K.biochemistry_TotalBilirubin.sldsc_sv.log	/cluster/projects/nn9114k/datngu/projects/mixer_sv/saga_results_107/univar_UKB_460K.biochemistry_TotalBilirubin_list.txt	ok	ok	0.0877	0.0124	1.4013	1.8325	1.2385	0.0896	0.2865	0.1077	0.0884	-0.0007	0.012	0.0032	0.9947	0.0053	1.0076	-0.0076	1.013	-1.4441	1.4561e-08	-2.0758e-08	1.9805e-09	1.0043e-07	1.0052271044686794	4.440892098500626e-16	0.0	0.0	0.5489599546126901	0.0047724868187320165	0.5489599546126901	0.0
UKB_460K.biochemistry_TotalProtein	/cluster/projects/nn9114k/datngu/database/alkes_group_data/sumstats_107/UKB_460K.biochemistry_TotalProtein.sumstats.gz	results/sldsc_sumstats_107/UKB_460K.biochemistry_TotalProtein.sldsc_sv.log	/cluster/projects/nn9114k/datngu/projects/mixer_sv/saga_results_107/univar_UKB_460K.biochemistry_TotalProtein_list.txt	ok	ok	0.1824	0.0104	1.6815	2.3377	1.3505	0.0266	0.262	0.0199	0.1683	0.014	0.0118	0.0065	0.9947	0.0053	0.9231	0.0769	0.928	14.5917	2.7737e-08	4.3615e-07	1.9462e-09	2.0292e-07	0.9583678007208067	0.01087989544377393	8.964677103475513	2.081438300871336	0.17762561289839565	0.003736648650378834	0.16934548146221734	0.008280131436178617
UKB_460K.biochemistry_VitaminD	/cluster/projects/nn9114k/datngu/database/alkes_group_data/sumstats_107/UKB_460K.biochemistry_VitaminD.sumstats.gz	results/sldsc_sumstats_107/UKB_460K.biochemistry_VitaminD.sldsc_sv.log	/cluster/projects/nn9114k/datngu/projects/mixer_sv/saga_results_107/univar_UKB_460K.biochemistry_VitaminD_list.txt	ok	ok	0.0831	0.0084	1.4323	1.6952	1.1589	0.0173	0.2286	0.025	0.0858	-0.0027	0.0098	0.0033	0.9947	0.0053	1.0326	-0.0326	1.0381	-6.1897	1.4139e-08	-8.4306e-08	1.6106e-09	1.0304e-07	1.005227104468686	0.0	0.0	0.0	0.13409185338168667	0.002315514765886119	0.13409185338168667	0.0
UKB_460K.blood_RBC_DISTRIB_WIDTH	/cluster/projects/nn9114k/datngu/database/alkes_group_data/sumstats_107/UKB_460K.blood_RBC_DISTRIB_WIDTH.sumstats.gz	results/sldsc_sumstats_107/UKB_460K.blood_RBC_DISTRIB_WIDTH.sldsc_sv.log	/cluster/projects/nn9114k/datngu/projects/mixer_sv/saga_results_107/univar_UKB_460K.blood_RBC_DISTRIB_WIDTH_list.txt	ok	ok	0.2506	0.0174	1.6209	2.8469	1.369	0.0396	0.1998	0.0214	0.2326	0.0181	0.0175	0.0123	0.9947	0.0053	0.9278	0.0722	0.9328	13.6875	3.8316e-08	5.6226e-07	2.8878e-09	3.8261e-07	0.8926386758044246	0.008205526326034865	21.53934923986861	1.569803392144703	0.30713944491018075	0.004622436230229479	0.27273891260307875	0.03440053230710197
UKB_460K.blood_RED_COUNT	/cluster/projects/nn9114k/datngu/database/alkes_group_data/sumstats_107/UKB_460K.blood_RED_COUNT.sumstats.gz	results/sldsc_sumstats_107/UKB_460K.blood_RED_COUNT.sldsc_sv.log	/cluster/projects/nn9114k/datngu/projects/mixer_sv/saga_results_107/univar_UKB_460K.blood_RED_COUNT_list.txt	ok	ok	0.2841	0.0159	1.942	3.252	1.5441	0.0544	0.2416	0.0241	0.2654	0.0188	0.0169	0.0108	0.9947	0.0053	0.934	0.066	0.939	12.518	4.3724e-08	5.8293e-07	2.7828e-09	3.3459e-07	0.9707362428695498	0.007930558091221085	6.598464179504963	1.517199080051638	0.3000558123486569	0.004929857325136674	0.2897604438197663	0.010295368528890982
UKB_460K.blood_WHITE_COUNT	/cluster/projects/nn9114k/datngu/database/alkes_group_data/sumstats_107/UKB_460K.blood_WHITE_COUNT.sumstats.gz	results/sldsc_sumstats_107/UKB_460K.blood_WHITE_COUNT.sldsc_sv.log	/cluster/projects/nn9114k/datngu/projects/mixer_sv/saga_results_107/univar_UKB_460K.blood_WHITE_COUNT_list.txt	ok	ok	0.2457	0.0112	1.9197	2.909	1.4178	0.0301	0.2188	0.0158	0.2346	0.0112	0.0116	0.007	0.9947	0.0053	0.9545	0.0455	0.9595	8.6322	3.8647e-08	3.4767e-07	1.9072e-09	2.1653e-07	0.9558499182640159	0.008962344976395127	9.446374469937695	1.71459075097697	0.2389104704310944	0.004059731372554873	0.22717508572819547	0.011735384702899558
UKB_460K.bmd_HEEL_TSCOREz	/cluster/projects/nn9114k/datngu/database/alkes_group_data/sumstats_107/UKB_460K.bmd_HEEL_TSCOREz.sumstats.gz	results/sldsc_sumstats_107/UKB_460K.bmd_HEEL_TSCOREz.sldsc_sv.log	/cluster/projects/nn9114k/datngu/projects/mixer_sv/saga_results_107/univar_UKB_460K.bmd_HEEL_TSCOREz_list.txt	ok	ok	0.3975	0.0259	2.175	4.0376	1.7527	0.0685	0.2478	0.0226	0.3868	0.0106	0.0277	0.0109	0.9947	0.0053	0.9733	0.0267	0.9785	5.0653	6.3736e-08	3.2995e-07	4.5666e-09	3.3942e-07	1.0052271044686785	2.220446049250313e-16	0.0	0.0	0.47526602507484805	0.005496389923492607	0.47526602507484805	0.0
UKB_460K.body_BALDING1	/cluster/projects/nn9114k/datngu/database/alkes_group_data/sumstats_107/UKB_460K.body_BALDING1.sumstats.gz	results/sldsc_sumstats_107/UKB_460K.body_BALDING1.sldsc_sv.log	/cluster/projects/nn9114k/datngu/projects/mixer_sv/saga_results_107/univar_UKB_460K.body_BALDING1_list.txt	ok	ok	0.2053	0.0183	1.3765	1.9015	1.3012	0.0294	0.3341	0.0327	0.2176	-0.0123	0.0192	0.008	0.9947	0.0053	1.0598	-0.0598	1.0654	-11.3392	3.5848e-08	-3.8154e-07	3.1575e-09	2.4744e-07	0.938914526277626	0.01420876976542506	12.686292877508674	2.7182869312353772	0.2484139669484161	0.005975650428518642	0.2320266545353433	0.016387312413073365
UKB_460K.body_WHRadjBMIz	/cluster/projects/nn9114k/datngu/database/alkes_group_data/sumstats_107/UKB_460K.body_WHRadjBMIz.sumstats.gz	results/sldsc_sumstats_107/UKB_460K.body_WHRadjBMIz.sldsc_sv.log	/cluster/projects/nn9114k/datngu/projects/mixer_sv/saga_results_107/univar_UKB_460K.body_WHRadjBMIz_list.txt	ok	ok	0.1859	0.0108	1.7897	2.4573	1.3262	0.0251	0.2238	0.0172	0.1809	0.005	0.0109	0.0047	0.9947	0.0053	0.9731	0.0269	0.9783	5.1034	2.9799e-08	1.5546e-07	1.7981e-09	1.4471e-07	0.9650801130693313	0.01049813305911665	7.6805412326996985	2.008403145950571	0.17236575728021372	0.003370513877933438	0.16548177400488254	0.006883983275331157
UKB_460K.bp_DIASTOLICadjMEDz	/cluster/projects/nn9114k/datngu/database/alkes_group_data/sumstats_107/UKB_460K.bp_DIASTOLICadjMEDz.sumstats.gz	results/sldsc_sumstats_107/UKB_460K.bp_DIASTOLICadjMEDz.sldsc_sv.log	/cluster/projects/nn9114k/datngu/projects/mixer_sv/saga_results_107/univar_UKB_460K.bp_DIASTOLICadjMEDz_list.txt	ok	ok	0.2553	0.0115	2.0518	2.8631	1.4187	0.0238	0.2247	0.0128	0.2373	0.0181	0.0112	0.0065	0.9947	0.0053	0.9292	0.0708	0.9342	13.4219	3.9092e-08	5.6167e-07	1.8463e-09	2.0218e-07	0.933587139274224	0.009602865642217817	13.705477979953846	1.8371290835586136	0.2435118783139328	0.004228484335227669	0.226157409448841	0.017354468865092273
UKB_460K.cancer_PROSTATE	/cluster/projects/nn9114k/datngu/database/alkes_group_data/sumstats_107/UKB_460K.cancer_PROSTATE.sumstats.gz	results/sldsc_sumstats_107/UKB_460K.cancer_PROSTATE.sldsc_sv.log	/cluster/projects/nn9114k/datngu/projects/mixer_sv/saga_results_107/univar_UKB_460K.cancer_PROSTATE_list.txt	ok	ok	0.0115	0.0019	1.0846	1.1268	1.0448	0.0086	0.3534	0.0678	0.0117	-0.0002	0.0017	0.0016	0.9947	0.0053	1.0147	-0.0147	1.0201	-2.7927	1.9273e-09	-5.2763e-09	2.7233e-10	5.0319e-08	0.9988465406602935	0.04454133215677348	1.2206688897496027	8.52122478584964	0.010882295362162484	0.0011701501647857016	0.010813221239875695	6.90741222867854e-05
UKB_460K.disease_HYPOTHYROIDISM_SELF_REP	/cluster/projects/nn9114k/datngu/database/alkes_group_data/sumstats_107/UKB_460K.disease_HYPOTHYROIDISM_SELF_REP.sumstats.gz	results/sldsc_sumstats_107/UKB_460K.disease_HYPOTHYROIDISM_SELF_REP.sldsc_sv.log	/cluster/projects/nn9114k/datngu/projects/mixer_sv/saga_results_107/univar_UKB_460K.disease_HYPOTHYROIDISM_SELF_REP_list.txt	ok	ok	0.0516	0.005	1.2514	1.4854	1.1427	0.0144	0.294	0.0296	0.0479	0.0036	0.0059	0.0031	0.9947	0.0053	0.9296	0.0704	0.9345	13.355	7.8961e-09	1.1284e-07	9.6601e-10	9.4928e-08	0.9333792121777653	0.021671060103674714	13.745256617955079	4.145901470595884	0.05023581929478662	0.001838805237743413	0.046645249842577556	0.003590569452209099
UKB_460K.other_MORNINGPERSON	/cluster/projects/nn9114k/datngu/database/alkes_group_data/sumstats_107/UKB_460K.other_MORNINGPERSON.sumstats.gz	results/sldsc_sumstats_107/UKB_460K.other_MORNINGPERSON.sldsc_sv.log	/cluster/projects/nn9114k/datngu/projects/mixer_sv/saga_results_107/univar_UKB_460K.other_MORNINGPERSON_list.txt	ok	ok	0.1153	0.0045	1.61	1.8504	1.161	0.0119	0.1893	0.014	0.1144	0.001	0.0046	0.0024	0.9947	0.0053	0.9916	0.0084	0.9968	1.5985	1.8842e-08	3.0215e-08	7.606e-10	7.534e-08	0.9763928987068607	0.012854444933530334	5.516286489885721	2.4591903625693536	0.11455261784536064	0.0026927199464844417	0.11126675961608587	0.0032858582292747424
UKB_460K.pigment_SUNBURN	/cluster/projects/nn9114k/datngu/database/alkes_group_data/sumstats_107/UKB_460K.pigment_SUNBURN.sumstats.gz	results/sldsc_sumstats_107/UKB_460K.pigment_SUNBURN.sldsc_sv.log	/cluster/projects/nn9114k/datngu/projects/mixer_sv/saga_results_107/univar_UKB_460K.pigment_SUNBURN_list.txt	ok	ok	0.0777	0.0087	1.3491	1.5702	1.1773	0.0404	0.311	0.0708	0.0696	0.0082	0.0089	0.0064	0.9947	0.0053	0.8951	0.1049	0.8998	19.8956	1.1461e-08	2.5341e-07	1.4723e-09	1.9989e-07	1.005227104468688	2.220446049250313e-16	0.0	0.0	0.07892202307538759	0.0021551636475706936	0.07892202307538759	0.0
UKB_460K.repro_MENARCHE_AGE	/cluster/projects/nn9114k/datngu/database/alkes_group_data/sumstats_107/UKB_460K.repro_MENARCHE_AGE.sumstats.gz	results/sldsc_sumstats_107/UKB_460K.repro_MENARCHE_AGE.sldsc_sv.log	/cluster/projects/nn9114k/datngu/projects/mixer_sv/saga_results_107/univar_UKB_460K.repro_MENARCHE_AGE_list.txt	ok	ok	0.2895	0.0122	1.7393	2.2246	1.2048	0.0162	0.1672	0.0133	0.2905	-0.001	0.014	0.0057	0.9947	0.0053	1.0035	-0.0035	1.0088	-0.6592	4.7859e-08	-3.1272e-08	2.3028e-09	1.7801e-07	1.0052271044686854	4.440892098500626e-16	0.0	0.0	0.2927111136685377	0.004630828985911145	0.2927111136685377	0.0
UKB_460K.repro_NumberChildrenEverBorn_Pooled	/cluster/projects/nn9114k/datngu/database/alkes_group_data/sumstats_107/UKB_460K.repro_NumberChildrenEverBorn_Pooled.sumstats.gz	results/sldsc_sumstats_107/UKB_460K.repro_NumberChildrenEverBorn_Pooled.sldsc_sv.log	/cluster/projects/nn9114k/datngu/projects/mixer_sv/saga_results_107/univar_UKB_460K.repro_NumberChildrenEverBorn_Pooled_list.txt	ok	ok	0.043	0.0023	1.3	1.3799	1.0793	0.0085	0.2086	0.0224	0.0424	0.0006	0.0024	0.0013	0.9947	0.0053	0.9857	0.0143	0.9909	2.7099	6.9838e-09	1.9098e-08	3.884e-10	4.0375e-08	0.9920448366832361	0.01814106096345578	2.521906318197977	3.4705755494540305	0.04265281733867926	0.0016079757392778835	0.042093480192413664	0.0005593371462658021
